"Min","Q1","Median","Mean","Q3","Max"
1.03611130982188,1.13818322020846,1.29097995733096,1.27868111081492,1.40493218819826,1.60606245502708
