"Min","Q1","Median","Mean","Q3","Max"
1.28849303429696,1.34317591121984,1.36592385224939,1.38720508014579,1.42166403291364,1.58532948864097
