"feature_group","coverage","count"
"[2.2,2.6]",0.571428571428571,7
"(2.6,3]",0.833333333333333,12
"(3,3.4]",1,7
"(3.4,3.8]",1,4
