"Min","Q1","Median","Mean","Q3","Max"
0.917088746104627,1.46537750038156,1.96741174040434,1.81284707408738,2.18118750694293,2.5624162170198
