"Min","Q1","Median","Mean","Q3","Max"
0.542174767385248,0.741375009160607,0.96184661516646,0.903601593867238,1.02492210469444,1.23438265285032
