"Min","Q1","Median","Mean","Q3","Max"
1.08226784750658,1.3999176242541,1.81720175940107,1.78988056475122,2.08712835753399,2.44914020919445
